{
  "weights": [
    7.047465690428855,
    2.3545698024951305,
    -0.008159322543930368,
    -12.557787316532867,
    0.15361574775337997,
    0.9313273480370059,
    -6.739004601558282,
    -0.22143987711079846
  ],
  "bias": -55.053912958320986
}